TransactionID,TransactionAmt,ProductCD,card1,card2,card3,card4,card5,card6,addr1,dist1,dist2,P_emaildomain,R_emaildomain,C1,C3,C5,C7,C9,C13,D1,D2,D3,D4,D5,D6,D7,D8,D10,D11,D12,D13,D14,D15,M1,M2,M3,M4,M5,M6,M7,M8,M9,V13,V54,V76,V96,V98,V127,V129,V130,V136,V138,V160,V165,V166,V169,V203,V207,V215,V218,V264,V267,V274,V277,V281,V284,V285,V291,V294,V309,V310,V314,V320,V338,id_02,id_03,id_12,id_13,id_14,id_15,id_16,id_18,id_30,id_31,id_33,id_34,id_35,id_37,id_38,DeviceType,DeviceInfo,TransactionsPerCard1_24H,TransactionAmt_log,LR_Prediction,RF_Prediction,Meta_Prediction
2991100,-0.2503445057140197,2,1.258717877997629,0.6941034571178673,0.58489873435548,1,-0.496200696047004,0,-2.839479266169787,-0.7614638568649146,-0.2322144794257783,1,1,0.0760805926965495,-0.0376669691446864,-0.2179380636223027,0.0049922680590899,-0.2709645195679102,-0.2389812612406838,-0.5610959494927973,-1.034352295163761,-1.1175498116541829,-1.4967599315606657,-0.9474488705527894,-0.3616435790142351,-0.256514560742576,2.2086449932524848,0.0489977886348929,-1.0336498164383088,-0.3370174230813872,-0.3311799141672533,2.784888749167625,-2.1527413838894014,1,1,1,0,2,2,0,0,0,0.3853397929321205,0.3887595698947479,-2.357376810610537,-0.054276866515452,0.0201210265774042,-0.0784699696476932,-0.0697970127534871,-0.2919050498698901,-0.0804170347320621,-0.4048299451887622,-0.1223887446556791,-0.1389179596550268,-0.2877653431466682,-0.5509369829899274,-0.1078195923344271,-0.3887834891141217,-0.3779607254099876,-0.5274475333923893,-0.2200855408003933,-0.4289449027852742,-0.3210264235247408,-0.4119287012161731,0.0439519849925953,-0.0170363019093401,-0.2189444502465009,-0.0376850815252435,-0.057786222318739,-0.0940289869390014,-0.3392162946334672,-0.2406570098245623,-0.0834720467977089,-0.2827986857182554,-0.0750066238904911,2.842396259767773,1,1.9405060830469023,-0.3942461270508702,2,2,-0.2858434701357711,0,3,0,0,2,1,1,2,3,-2.140479848987092,0.0758349329472438,1,1,1
